{
    "vocab_coverage": 1.0,
    "mean_token_count": 737.2838372326876,
    "median_token_count": 244.0,
    "oov_rate": 0.0,
    "subword_fragmentation": 0.4514021346897209
}